0,SansText,I AM SO SORRY.,,
0,SansText,EVEN THOUGH YOU DID SO MANY            BAD THINGS....,,,
0,SansText,I PROMLSEDMYSELF TO               ALWAYS FORGIVE.,,
0,SansText,EVERYONE DESERVES A SECOND CHANCE..,,,
0,SansText,...THAT INCLUDEDSANS.,,,
0.5,blackscreen,1,,
1,blackscreen,0,,
0,SansHead,BlueEye,,
0,SansText,LET ME KNOW IF THIS HURTS..,,
0,CombatZoneResize,141,226,506,381,,,,
0,SansAnimation,Idle,,,,,,,
0,HeartTeleport,320,304,,,,,,
0,HeartMode,1,
0,Sound,Ding,,
0.3,BoneV,521,371,200,2,500,0
0,BoneV,536,361,200,2,500,0
0,BoneV,551,351,200,2,500,0
0,BoneV,566,341,200,2,500,0
0,BoneV,581,331,200,2,500,0
0,BoneV,596,341,200,2,500,0
0,BoneV,611,351,200,2,500,0
0,BoneV,626,361,200,2,500,0
0,BoneV,641,371,200,2,500,0
0.45,BoneV,141,371,200,0,500,0
0,BoneV,126,361,200,0,500,0
0,BoneV,111,351,200,0,500,0
0,BoneV,96,341,200,0,500,0
0,BoneV,81,331,200,0,500,0
0,BoneV,66,341,200,0,500,0
0,BoneV,51,351,200,0,500,0
0,BoneV,36,361,200,0,500,0
0,BoneV,21,371,200,0,500,0
0.9,BoneV,521,371,200,2,500,0
0,BoneV,536,361,200,2,500,0
0,BoneV,551,351,200,2,500,0
0,BoneV,566,341,200,2,500,0
0,BoneV,581,331,200,2,500,0
0,BoneV,596,341,200,2,500,0
0,BoneV,611,351,200,2,500,0
0,BoneV,626,361,200,2,500,0
0,BoneV,641,371,200,2,500,0
0.7,GasterBlaster,1,0,156,565,176,135,0.8,0.5
0,GasterBlaster,1,640,156,65,176,45,0.8,0.5
0.2,GasterBlaster,1,0,156,181,176,90,0.2,0.3
0,GasterBlaster,1,640,156,431,176,90,0.2,0.3
0.2,GasterBlaster,1,0,156,101,286,360,0.5,0.5
0,GasterBlaster,1,640,156,541,286,180,0.5,0.5
1,SansText,I DON，T WANT TO HURT YOU.,,,
0,SansText,I JUST NEED TO TEACH YOU A LESSON.,,
0,Sound,Ding,,
0,CombatZoneResizeinstant,241,226,406,391,,,
0,HeartTeleport,320,304,,
0,BoneStab,2,60,0.001,1.5
0,BoneStab,0,60,0.001,1.5
0,HeartMode,1,
0.1,BoneV,10,226,200,0,500,1
0.1,BoneV,640,226,200,2,500,1
0,GasterBlaster,1,0,156,101,376,360,1.5,0.5
0,GasterBlaster,1,640,156,541,376,180,1.5,0.5
3,SansText,YOU，RE MAKING LT DIFFICULT            FOR ME NOT TO HARM YOU.,,,
0,SansText,DO YOU REALLYWANT THIS TOBE YOUR LAST  PUZZLE?.,,,
0,CombatZoneResize,121,226,526,381,,,,
0,SansAnimation,Idle,,,,,,,
0,HeartTeleport,320,304,,,,,,
0,HeartMode,1,
0,Sound,Ding,,
0.3,BoneV,521,371,200,2,500,0
0,BoneV,536,361,200,2,500,0
0,BoneV,551,351,200,2,500,0
0,BoneV,566,341,200,2,500,0
0,BoneV,581,331,200,2,500,0
0,BoneV,596,341,200,2,500,0
0,BoneV,611,351,200,2,500,0
0,BoneV,626,361,200,2,500,0
0,BoneV,641,371,200,2,500,0
0.45,BoneV,141,371,200,0,500,0
0,BoneV,126,361,200,0,500,0
0,BoneV,111,351,200,0,500,0
0,BoneV,96,341,200,0,500,0
0,BoneV,81,331,200,0,500,0
0,BoneV,66,341,200,0,500,0
0,BoneV,51,351,200,0,500,0
0,BoneV,36,361,200,0,500,0
0,BoneV,21,371,200,0,500,0
0.4,BoneV,521,371,200,2,500,0
0,BoneV,536,361,200,2,500,0
0,BoneV,551,351,200,2,500,0
0,BoneV,566,341,200,2,500,0
0,BoneV,581,331,200,2,500,0
0,BoneV,596,341,200,2,500,0
0,BoneV,611,351,200,2,500,0
0,BoneV,626,361,200,2,500,0
0,BoneV,641,371,200,2,500,0
0.5,BoneV,521,371,200,2,500,0
0,BoneV,536,361,200,2,500,0
0,BoneV,551,351,200,2,500,0
0,BoneV,566,341,200,2,500,0
0,BoneV,581,331,200,2,500,0
0,BoneV,596,341,200,2,500,0
0,BoneV,611,351,200,2,500,0
0,BoneV,626,361,200,2,500,0
0,BoneV,641,371,200,2,500,0
0.5,BoneV,521,371,200,2,200,0
0,BoneV,536,361,200,2,200,0
0,BoneV,551,351,200,2,200,0
0,BoneV,566,341,200,2,200,0
0,BoneV,581,331,200,2,200,0
0,BoneV,596,341,200,2,200,0
0,BoneV,611,351,200,2,200,0
0,BoneV,626,361,200,2,200,0
0,BoneV,641,371,200,2,200,0
0.75,BoneV,141,371,200,0,500,0
0,BoneV,126,361,200,0,500,0
0,BoneV,111,351,200,0,500,0
0,BoneV,96,341,200,0,500,0
0,BoneV,81,331,200,0,500,0
0,BoneV,66,341,200,0,500,0
0,BoneV,51,351,200,0,500,0
0,BoneV,36,361,200,0,500,0
0,BoneV,21,371,200,0,500,0
0.1,BoneV,21,361,200,0,100,0
0.5,SansText,SORRY JUST A HABIT.,,
0,SansText,I NAMED THAT LAZY ATTACK AFTER MY BROTHER.,,
0,SansText,SEE YOU SOON PAP....,,,
0,Sound,Ding,,
0,CombatZoneResize,141,226,526,381,,,,
0,SansAnimation,Idle,,,,,,,
0,HeartTeleport,320,304,,,,,,
0,HeartMode,1,
1,BoneV,526,373,200,2,400,0
0,BoneV,541,370,200,2,400,0
0,BoneV,556,367,200,2,400,0
0,BoneV,571,364,200,2,400,0
0,BoneV,586,362,200,2,400,0
0,BoneV,601,358,200,2,400,0
0,BoneV,616,355,200,2,400,0
0,BoneV,631,352,200,2,400,0
0,BoneV,646,355,200,2,400,0
0,BoneV,661,358,200,2,400,0
0,BoneV,676,361,200,2,400,0
0,BoneV,691,364,200,2,400,0
0,BoneV,706,367,200,2,400,0
0,BoneV,721,370,200,2,400,0
0,BoneV,736,373,200,2,400,0

0,BoneV,526,231,110,2,400,0
0,BoneV,541,216,120,2,400,0
0,BoneV,556,201,130,2,400,0
0,BoneV,571,186,140,2,400,0
0,BoneV,586,171,150,2,400,0
0,BoneV,601,156,160,2,400,0
0,BoneV,616,141,170,2,400,0
0,BoneV,631,126,180,2,400,0
0,BoneV,646,141,170,2,400,0
0,BoneV,661,156,160,2,400,0
0,BoneV,676,171,150,2,400,0
0,BoneV,691,186,140,2,400,0
0,BoneV,706,201,130,2,400,0
0,BoneV,721,216,120,2,400,0
0,BoneV,736,231,110,2,400,0

2,BoneV,141,373,110,0,400,0
0,BoneV,126,370,120,0,400,0
0,BoneV,111,367,130,0,400,0
0,BoneV,96,364,140,0,400,0
0,BoneV,81,361,150,0,400,0
0,BoneV,66,358,160,0,400,0
0,BoneV,51,355,170,0,400,0
0,BoneV,36,352,180,0,400,0
0,BoneV,21,355,170,0,400,0
0,BoneV,6,358,160,0,400,0
0,BoneV,-11,361,150,0,400,0
0,BoneV,-26,364,140,0,400,0
0,BoneV,-41,367,130,0,400,0
0,BoneV,-56,370,120,0,400,0
0,BoneV,-71,373,110,0,400,0

0,BoneV,141,231,110,0,400,0
0,BoneV,126,216,120,0,400,0
0,BoneV,111,201,130,0,400,0
0,BoneV,96,186,140,0,400,0
0,BoneV,81,171,150,0,400,0
0,BoneV,66,156,160,0,400,0
0,BoneV,51,141,170,0,400,0
0,BoneV,36,126,180,0,400,0
0,BoneV,21,141,170,0,400,0
0,BoneV,6,156,160,0,400,0
0,BoneV,-11,171,150,0,400,0
0,BoneV,-26,186,140,0,400,0
0,BoneV,-41,201,130,0,400,0
0,BoneV,-56,216,120,0,400,0
0,BoneV,-71,231,110,0,400,0

2,BoneV,526,373,200,2,400,0
0,BoneV,541,370,200,2,400,0
0,BoneV,556,367,200,2,400,0
0,BoneV,571,364,200,2,400,0
0,BoneV,586,362,200,2,400,0
0,BoneV,601,358,200,2,400,0
0,BoneV,616,355,200,2,400,0
0,BoneV,631,352,200,2,400,0
0,BoneV,646,355,200,2,400,0
0,BoneV,661,358,200,2,400,0
0,BoneV,676,361,200,2,400,0
0,BoneV,691,364,200,2,400,0
0,BoneV,706,367,200,2,400,0
0,BoneV,721,370,200,2,400,0
0,BoneV,736,373,200,2,400,0

0,BoneV,526,231,110,2,400,0
0,BoneV,541,216,120,2,400,0
0,BoneV,556,201,130,2,400,0
0,BoneV,571,186,140,2,400,0
0,BoneV,586,171,150,2,400,0
0,BoneV,601,156,160,2,400,0
0,BoneV,616,141,170,2,400,0
0,BoneV,631,126,180,2,400,0
0,BoneV,646,141,170,2,400,0
0,BoneV,661,156,160,2,400,0
0,BoneV,676,171,150,2,400,0
0,BoneV,691,186,140,2,400,0
0,BoneV,706,201,130,2,400,0
0,BoneV,721,216,120,2,400,0
0,BoneV,736,231,110,2,400,0

0,BoneV,141,231,110,0,400,0
0,BoneV,126,216,120,0,400,0
0,BoneV,111,201,130,0,400,0
0,BoneV,96,186,140,0,400,0
0,BoneV,81,171,150,0,400,0
0,BoneV,66,156,160,0,400,0
0,BoneV,51,141,170,0,400,0
0,BoneV,36,126,180,0,400,0
0,BoneV,21,141,170,0,400,0
0,BoneV,6,156,160,0,400,0
0,BoneV,-11,171,150,0,400,0
0,BoneV,-26,186,140,0,400,0
0,BoneV,-41,201,130,0,400,0
0,BoneV,-56,216,120,0,400,0
0,BoneV,-71,231,110,0,400,0

0,BoneV,141,373,110,0,400,0
0,BoneV,126,370,120,0,400,0
0,BoneV,111,367,130,0,400,0
0,BoneV,96,364,140,0,400,0
0,BoneV,81,361,150,0,400,0
0,BoneV,66,358,160,0,400,0
0,BoneV,51,355,170,0,400,0
0,BoneV,36,352,180,0,400,0
0,BoneV,21,355,170,0,400,0
0,BoneV,6,358,160,0,400,0
0,BoneV,-11,361,150,0,400,0
0,BoneV,-26,364,140,0,400,0
0,BoneV,-41,367,130,0,400,0
0,BoneV,-56,370,120,0,400,0
0,BoneV,-71,373,110,0,400,0
2,BoneV,526,373,200,2,400,0
0,BoneV,541,370,200,2,400,0
0,BoneV,556,367,200,2,400,0
0,BoneV,571,364,200,2,400,0
0,BoneV,586,362,200,2,400,0
0,BoneV,601,358,200,2,400,0
0,BoneV,616,355,200,2,400,0
0,BoneV,631,352,200,2,400,0
0,BoneV,646,355,200,2,400,0
0,BoneV,661,358,200,2,400,0
0,BoneV,676,361,200,2,400,0
0,BoneV,691,364,200,2,400,0
0,BoneV,706,367,200,2,400,0
0,BoneV,721,370,200,2,400,0
0,BoneV,736,373,200,2,400,0

0,BoneV,526,231,110,2,400,0
0,BoneV,541,216,120,2,400,0
0,BoneV,556,201,130,2,400,0
0,BoneV,571,186,140,2,400,0
0,BoneV,586,171,150,2,400,0
0,BoneV,601,156,160,2,400,0
0,BoneV,616,141,170,2,400,0
0,BoneV,631,126,180,2,400,0
0,BoneV,646,141,170,2,400,0
0,BoneV,661,156,160,2,400,0
0,BoneV,676,171,150,2,400,0
0,BoneV,691,186,140,2,400,0
0,BoneV,706,201,130,2,400,0
0,BoneV,721,216,120,2,400,0
0,BoneV,736,231,110,2,400,0

0,BoneV,141,231,110,0,400,0
0,BoneV,126,216,120,0,400,0
0,BoneV,111,201,130,0,400,0
0,BoneV,96,186,140,0,400,0
0,BoneV,81,171,150,0,400,0
0,BoneV,66,156,160,0,400,0
0,BoneV,51,141,170,0,400,0
0,BoneV,36,126,180,0,400,0
0,BoneV,21,141,170,0,400,0
0,BoneV,6,156,160,0,400,0
0,BoneV,-11,171,150,0,400,0
0,BoneV,-26,186,140,0,400,0
0,BoneV,-41,201,130,0,400,0
0,BoneV,-56,216,120,0,400,0
0,BoneV,-71,231,110,0,400,0

0,BoneV,141,373,110,0,400,0
0,BoneV,126,370,120,0,400,0
0,BoneV,111,367,130,0,400,0
0,BoneV,96,364,140,0,400,0
0,BoneV,81,361,150,0,400,0
0,BoneV,66,358,160,0,400,0
0,BoneV,51,355,170,0,400,0
0,BoneV,36,352,180,0,400,0
0,BoneV,21,355,170,0,400,0
0,BoneV,6,358,160,0,400,0
0,BoneV,-11,361,150,0,400,0
0,BoneV,-26,364,140,0,400,0
0,BoneV,-41,367,130,0,400,0
0,BoneV,-56,370,120,0,400,0
0,BoneV,-71,373,110,0,400,0
1,Sound,Ding,,
0,CombatZoneResize,141,226,506,381,,,,
0,SansAnimation,Idle,,,,,,,
0,HeartTeleport,320,304,,,,,,
0,HeartMode,1,
0,GetHeartPos,HeartX,HeartY,,,,,,
0,GasterBlaster,0,0,0,$HeartX,189,90,0.3,0
0,GetHeartPos,HeartX,HeartY,,,,,,
0,GasterBlaster,0,0,240,139,$HeartY,0,0.3,0.3
0,GetHeartPos,heartx,hearty
0,bonev,$heartx,650,32,1,450
0,GetHeartPos,heartx,hearty
0,boneh,650,$hearty,32,3,450
1,BoneV,491,226,900,0,0,0,,
0,Sound,BoneStab,,
0.3,BoneV,476,226,900,0,0,0,,
0,Sound,BoneStab,,
0.3,BoneV,461,226,900,0,0,0,,
0,Sound,BoneStab,,
0.3,BoneV,446,226,900,0,0,0,,
0,Sound,BoneStab,,
0.3,BoneV,431,226,900,0,0,0,,
0,Sound,BoneStab,,
0.3,BoneV,416,226,900,0,0,0,,
0,Sound,BoneStab,,
0.3,BoneV,401,226,900,0,0,0,,
0,Sound,BoneStab,,
0.3,BoneV,386,226,900,0,0,0,,
0,Sound,BoneStab,,
0.3,BoneV,371,226,900,0,0,0,,
0,Sound,BoneStab,,
0.3,BoneV,356,226,900,0,0,0,,
0,Sound,BoneStab,,
0.3,BoneV,341,226,900,0,0,0,,
0,Sound,BoneStab,,
0.3,BoneV,326,226,900,0,0,0,,
0,Sound,BoneStab,,
0.3,BoneV,311,226,900,0,0,0,,
0,Sound,BoneStab,,
0.3,BoneV,306,226,900,0,0,0,,
0,Sound,BoneStab,,
0.3,BoneV,291,226,900,0,0,0,,
0,Sound,BoneStab,,
0.3,BoneV,276,226,900,0,0,0,,
0,Sound,BoneStab,,
0.3,BoneV,261,226,900,0,0,0,,
0,Sound,BoneStab,,
0.3,BoneV,246,226,900,0,0,0,,
0,Sound,BoneStab,,
0.3,BoneV,231,226,900,0,0,0,,
0,Sound,BoneStab,,
0.3,BoneV,216,226,900,0,0,0,,
0,Sound,BoneStab,,
0.3,BoneV,201,226,900,0,0,0,,
0,Sound,BoneStab,,
0.3,BoneV,186,226,900,0,0,0,,
0,Sound,BoneStab,,
0.3,BoneV,171,226,900,0,0,0,,
0,Sound,BoneStab,,
0.3,BoneV,156,226,40,0,0,0,,
0,Sound,GasterBlaster,,
1.5,blackscreen,1
0,Sound,BoneStab,,
0,SansBody,HandRight
1.5,blackscreen,0
0,BoneV,491,226,900,0,0,0,,
0,BoneV,476,226,900,0,0,0,,
0,BoneV,461,226,900,0,0,0,,
0,BoneV,446,226,900,0,0,0,,
0,BoneV,431,226,900,0,0,0,,
0,BoneV,416,226,900,0,0,0,,
0,BoneV,401,226,900,0,0,0,,
0,BoneV,386,226,900,0,0,0,,
0,BoneV,371,226,900,0,0,0,,
0,BoneV,356,226,900,0,0,0,,
0,BoneV,341,226,900,0,0,0,,
0,BoneV,326,226,900,0,0,0,,
0,BoneV,311,226,900,0,0,0,,
0,BoneV,306,226,900,0,0,0,,
0,BoneV,291,226,900,0,0,0,,
0,BoneV,276,226,900,0,0,0,,
0,BoneV,261,226,900,0,0,0,,
0,BoneV,246,226,900,0,0,0,,
0,BoneV,231,226,900,0,0,0,,
0,BoneV,216,226,900,0,0,0,,
0,BoneV,201,226,900,0,0,0,,
0,BoneV,186,226,900,0,0,0,,
0,BoneV,171,226,900,0,0,0,,
0,BoneV,156,226,100,0,0,0,,
0,BoneH,1,326,170,0,0,0,,
0,SansText,NOO!.,,
0,SansText,....,,,
0,SansHead,Default.,,,
1,SansText,I，M REALLY SORRY.,,,
0,SansText,I SHOULDN，T HAVF STOPPED      BELIEVING IN YOU.,,,
0.5,blackscreen,1
0,Sound,Flash,,
0,SansBody,HandLeft,
0.5,blackscreen,0
0,Sound,Flash,,
0,BoneV,491,226,900,0,0,0,,
0,BoneV,476,226,900,0,0,0,,
0,BoneV,461,226,900,0,0,0,,
0,BoneV,446,226,900,0,0,0,,
0,BoneV,431,226,900,0,0,0,,
0,BoneV,416,226,900,0,0,0,,
0,BoneV,401,226,900,0,0,0,,
0,BoneV,386,226,900,0,0,0,,
0,BoneV,371,226,900,0,0,0,,
0,BoneV,356,226,900,0,0,0,,
0,BoneV,341,226,900,0,0,0,,
0,BoneV,326,226,900,0,0,0,,
0,BoneV,311,226,900,0,0,0,,
0,BoneV,306,226,900,0,0,0,,
0,BoneV,291,226,900,0,0,0,,
0,BoneV,276,226,900,0,0,0,,
0,BoneV,261,226,900,0,0,0,,
0,BoneV,246,226,900,0,0,0,,
0,BoneV,231,226,900,0,0,0,,
0,BoneV,216,226,900,0,0,0,,
0,BoneV,201,226,900,0,0,0,,
0,BoneV,186,226,900,0,0,0,,
0,BoneV,171,226,900,0,0,0,,
0,SansText,I BET YOU REGRET EVERYTHING            YOU DID.,,,
0,SansText,I JUST REALLY MISS MY FRIENDS.,,,
0,SansText,I，M SO SORRY QAQ.,,,
0,SansHead,Closedeyes,,
1,SansHead,noeyes,
0,Sound,playerfight,,
1,SansText,THAT`S IT.,,
0,SansText,ON MORE GAMES.,,
0,SansText,ON MORE PUZZLES.,,
0,HeartTeleport,666666666666,6666666666666666,,,,,,
0,HeartMode,1,
0,Sound,Ding,,
1,damageplayer,-1
0.01,damageplayer,-1
0.01,damageplayer,-1
0.01,damageplayer,-1
0.01,damageplayer,-1
0.01,damageplayer,-1
0.01,damageplayer,-1
0.01,damageplayer,-1
0.01,damageplayer,-1
0.01,damageplayer,-1
0.01,damageplayer,-1
0.01,damageplayer,-1
0.01,damageplayer,-1
0.01,damageplayer,-1
0.01,damageplayer,-1
0.01,damageplayer,-1
0.01,damageplayer,-1
0.01,damageplayer,-1
0.01,damageplayer,-1
0.01,damageplayer,-1
0.01,damageplayer,-1
0.01,damageplayer,-1
0.01,damageplayer,-1
0.01,damageplayer,-1
0.01,damageplayer,-1
0.01,damageplayer,-1
0.01,damageplayer,-1
0.01,damageplayer,-1
0.01,damageplayer,-1
0.01,damageplayer,-1
0.01,damageplayer,-1
0.01,damageplayer,-1
0.01,damageplayer,-1
0.01,damageplayer,-1
0.01,damageplayer,-1
0.01,damageplayer,-1
0.01,damageplayer,-1
0.01,damageplayer,-1
0.01,damageplayer,-1
0.01,damageplayer,-1
0.01,damageplayer,-1
0.01,damageplayer,-1
0.01,damageplayer,-1
0.01,damageplayer,-1
0.01,damageplayer,-1
0.01,damageplayer,-1
0.01,damageplayer,-1
0.01,damageplayer,-1
0.01,damageplayer,-1
0.01,damageplayer,-1
0.01,damageplayer,-1
0.01,damageplayer,-1
0.01,damageplayer,-1
0.01,damageplayer,-1
0.01,damageplayer,-1
0.01,damageplayer,-1
0.01,damageplayer,-1
0.01,damageplayer,-1
0.01,damageplayer,-1
0.01,damageplayer,-1
0.01,damageplayer,-1
0.01,damageplayer,-1
0.01,damageplayer,-1
0.01,damageplayer,-1
0.01,damageplayer,-1
0.01,damageplayer,-1
0.01,damageplayer,-1
0.01,damageplayer,-1
0.01,damageplayer,-1
0.01,damageplayer,-1
0.01,damageplayer,-1
0.01,damageplayer,-1
0.01,damageplayer,-1
0.01,damageplayer,-1
0.01,damageplayer,-1
0.01,damageplayer,-1
0.01,damageplayer,-1
0.01,damageplayer,-1
0.01,damageplayer,-1
0.01,damageplayer,-1
0.01,damageplayer,-1
0.01,damageplayer,-1
0.01,damageplayer,-1
0.01,damageplayer,-1
0.01,damageplayer,-1
0.01,damageplayer,-1
0.01,damageplayer,-1
0.01,damageplayer,-1
0.01,damageplayer,-1
0.01,damageplayer,-1
0.01,damageplayer,-1
0.01,damageplayer,-1
0.01,damageplayer,-1
0.01,damageplayer,-1
0.01,damageplayer,-1
0.01,damageplayer,-1
0.01,damageplayer,-1
0.01,damageplayer,-1
0.01,damageplayer,-1
0.01,damageplayer,-1
0.01,damageplayer,-1
0.01,damageplayer,-1
0.01,damageplayer,-1
0.01,damageplayer,-1
0.01,damageplayer,-1
0.01,damageplayer,-1
0.01,damageplayer,-1
0.01,damageplayer,-1
0.01,damageplayer,-1
0.01,damageplayer,-1
0.01,damageplayer,-1
0.01,damageplayer,-1
0.01,damageplayer,-1
0.01,damageplayer,-1
0.01,damageplayer,-1
0.01,damageplayer,-1
0.01,damageplayer,-1
0.01,damageplayer,-1
0.01,damageplayer,-1
0.01,damageplayer,-1
0.01,damageplayer,-1
0.01,damageplayer,-1
0.01,damageplayer,-1
0.01,damageplayer,-1
0.01,damageplayer,-1
0.01,damageplayer,-1
0.01,damageplayer,-1
0.01,damageplayer,-1
0.01,damageplayer,-1
0.01,damageplayer,-1
0.01,damageplayer,-1
0.01,damageplayer,-1
0.01,damageplayer,-1
0.01,damageplayer,-1
0.01,damageplayer,-1
0.01,damageplayer,-1
0.01,damageplayer,-1
0.01,damageplayer,-1
0.01,damageplayer,-1
0.01,damageplayer,-1
0.01,damageplayer,-1
0.01,damageplayer,-1
0.01,damageplayer,-1
0.1,blackscreen,1
0,blackscreen,0
1,CombatZoneResize,141,226,526,381,,,,
0,SansAnimation,Idle,,,,,,,
0,SansHead,BlueEye,,
0,HeartTeleport,320,304,,,,,,
0,HeartMode,1,
0,SansBody,HandUp,
0,SansSlam,3
0,BoneV,10,222,1100,0,500,1
0,BoneV,640,222,1100,2,500,1
0.1,HeartMode,0,
0.7,SansBody,HandDown,
0,SansSlam,1
0,Platform,320,324,40,,,
0.2,GetHeartPos,heartx,hearty
0,boneh,0,$hearty,32,0,950
0.5,GetHeartPos,heartx,hearty
0,bonev,$heartx,650,32,3,950
0,GetHeartPos,heartx,hearty
0,boneh,650,$hearty,32,2,950
1,blackscreen,1
0,blackscreen,0
0,Platform,320,324,40,0,80,
0.6,SineBones,1,1,80,40,
0,SineBones,1,-1,180,40,
0.6,SineBones,1,1,80,40,
0,SineBones,1,-1,180,40,
0.6,SineBones,1,1,80,40,
0,SineBones,1,-1,180,40,
0.6,SineBones,1,1,80,40,
0,SineBones,1,-1,180,40,
0.35,Platform,526,324,40,2,80,
0.35,Platform,320,324,40,,,
2.5,GetHeartPos,heartx,hearty
0,boneh,650,$hearty,100,2,950
1,GetHeartPos,HeartX,HeartY,,,,,,
0,GasterBlaster,1,0,240,139,$HeartY,0,0.3,0.3
1,GetHeartPos,HeartX,HeartY,,,,,,
0,GasterBlaster,0,0,0,$HeartX,189,90,0.3,0
1,blackscreen,1
0,blackscreen,0
0,Platform,320,324,40,0,200,
0,CombatZoneResize,241,226,406,381,,,,
0,SansAnimation,Idle,,,,,,,
0,HeartMode,0,
0.5,CombatZoneResize,261,266,306,381,,,,
0,combatzonespeed,150,
1.3,BoneV,536,361,200,2,500,0
0,BoneH,50,250,40,,,0
0,BoneH,50,265,40,,,0
0,BoneH,50,280,40,,,0
0,BoneH,50,295,40,,,0
0,BoneH,50,310,40,,,0
0,BoneH,50,325,40,,,0
0,BoneH,100,375,40,,,0
0,BoneH,100,390,40,,,0
0,BoneH,100,405,40,,,0
0,BoneH,150,250,40,,,0
0,BoneH,150,265,40,,,0
0,BoneH,150,280,40,,,0
0,BoneH,150,295,40,,,0
0,BoneH,150,310,40,,,0
0,BoneH,150,325,40,,,0
0,CombatZoneResize,101,266,146,381,,,,
0,combatzonespeed,150,
1,BoneH,220,250,40,,,0
0,BoneH,220,265,40,,,0
0,BoneH,220,280,40,,,0
0,BoneH,220,295,40,,,0
0,BoneH,220,310,40,,,0
0,BoneH,220,325,40,,,0
0,BoneH,270,375,40,,,0
0,BoneH,270,390,40,,,0
0,BoneH,270,405,40,,,0
0,BoneH,320,250,40,,,0
0,BoneH,320,265,40,,,0
0,BoneH,320,280,40,,,0
0,BoneH,320,295,40,,,0
0,BoneH,320,310,40,,,0
0,BoneH,320,325,40,,,0
0.3,BoneH,390,250,40,,,0
0,BoneH,390,265,40,,,0
0,BoneH,390,280,40,,,0
0,BoneH,390,295,40,,,0
0,BoneH,390,310,40,,,0
0,BoneH,390,325,40,,,0
0,BoneH,440,375,40,,,0
0,BoneH,440,390,40,,,0
0,BoneH,440,405,40,,,0
0,BoneH,490,250,40,,,0
0,BoneH,490,265,40,,,0
0,BoneH,490,280,40,,,0
0,BoneH,490,295,40,,,0
0,BoneH,490,310,40,,,0
0,BoneH,490,325,40,,,0
0.5,SansText,HOW CAN I BE SOKKY?.,,
0,SansText,AFTER ALL YOU DID?.,,,
0,SansText,YOU DESERVE THIS..,,,
0,CombatZoneResize,440,266,485,381,,,,
0,combatzonespeed,150,
0,GetHeartPos,HeartX,HeartY,,,,,,
0,GasterBlaster,2,0,240,139,$HeartY,0,0.1,0.1
0,GetHeartPos,HeartX,HeartY,,,,,,
0,GasterBlaster,2,0,0,$HeartX,189,90,0.1,0.5
0.5,GetHeartPos,HeartX,HeartY,,,,,,
0,GasterBlaster,2,0,0,$HeartX,189,90,0.1,0.5
0.4,GetHeartPos,HeartX,HeartY,,,,,,
0,GasterBlaster,1,0,240,139,$HeartY,0,0.1,0.5
1.5,blackscreen,1
0,blackscreen,0
0,HeartMode,1,
0,CombatZoneResize,101,226,485,391,,,,
0,combatzonespeed,350,
0.2,BoneV,10,351,200,0,300,0
0,BoneV,25,351,200,0,300,0
0,BoneV,40,351,200,0,300,0
0.2,GasterBlaster,0,0,156,101,321,360,0.7,0.5
0,GasterBlaster,0,640,156,541,321,180,0.7,0.5
0.3,BoneV,10,351,200,0,300,0
0,BoneV,25,351,200,0,300,0
0,BoneV,40,351,200,0,300,0
0.5,BoneV,10,351,200,0,300,0
0,BoneV,25,351,200,0,300,0
0,BoneV,40,351,200,0,300,0
1,CombatZoneResize,101,361,485,391,,,,
0,combatzonespeed,350,
0,BoneV,485,331,100,2,100,
0,BoneV,101,331,100,0,200,1,
0.3,GasterBlaster,5,0,0,341,321,90,0.7,0.4
0,GasterBlaster,5,0,0,405,321,90,0.7,0.4
0,BoneV,101,311,100,0,200,1,
0.6,GasterBlaster,1,0,0,400,421,210,0.7,0.4
0,GasterBlaster,1,0,0,129,421,270,0.7,0.4
0,BoneV,101,311,100,0,200,1,
0.3,BoneV,101,311,100,0,200,1,
0.3,BoneV,101,311,100,0,200,1,
1,CombatZoneResize,101,261,485,391,,,,
0,combatzonespeed,350,
0,BoneStab,2,30,0.5,1,,,,
0.5,BoneStab,2,50,0.5,1,,,,
0.5,BoneStab,2,80,0.5,1,,,,
1,CombatZoneResize,200,261,485,391,,,,
0,combatzonespeed,100,
0.5,GasterBlaster,1,0,0,259,221,90,0.7,0.4
0,GasterBlaster,1,0,0,455,321,180,0.7,0.4
0,BoneV,485,211,300,2,300,1,
0,BoneV,500,211,300,2,300,1,
0,BoneV,515,211,300,2,300,1,
0,BoneV,530,211,300,2,300,1,
0,BoneV,545,211,300,2,300,1,
0,BoneV,560,211,300,2,300,1,
0,BoneV,575,211,300,2,300,1,
0,BoneV,590,211,300,2,300,1,
0,BoneV,605,211,300,2,300,1,
0,BoneV,620,211,300,2,300,1,
0,BoneV,635,211,300,2,300,1,
0,BoneV,650,211,300,2,300,1,
1,CombatZoneResize,200,261,385,391,,,,
0,combatzonespeed,300,
2,BoneH,345,391,130,3,150,0,
0,BoneH,200,406,120,3,150,0,
0,BoneH,200,421,120,3,150,0,
0,BoneH,200,436,120,3,150,0,
0,BoneH,361,406,130,3,150,0,
0,BoneH,361,421,120,3,150,0,
0,BoneH,361,436,130,3,150,0,
0,BoneH,210,451,140,3,150,0,
0,BoneH,210,466,150,3,150,0,
0,BoneH,210,481,130,3,150,0,
0,BoneH,351,496,110,3,150,0,
0,BoneH,351,511,120,3,150,0,
0,BoneH,200,496,130,3,150,0,
0,BoneH,200,511,130,3,150,0,
0,BoneH,350,526,170,3,150,0,
0,BoneH,345,541,180,3,150,0,
0,BoneH,330,556,190,3,150,0,
0.5,CombatZoneResize,200,351,385,391,,,,
0,combatzonespeed,50,
0.5,CombatZoneResize,360,351,385,391,,,,
0,combatzonespeed,400,
0.2,CombatZoneResize,50,351,666,391,,,,
0,combatzonespeed,300,
0,SansSlam,2
0.4,SansSlam,0
0,HeartMaxFallSpeed,10
0.2,CombatZoneResize,50,251,666,391,,,,
0,combatzonespeed,300,
0.5,GetHeartPos,heartx,hearty
0,boneh,650,$hearty,150,2,950
0.1,GetHeartPos,heartx,hearty
0,boneh,650,$hearty,150,2,950
0.5,GetHeartPos,heartx,hearty
0,boneh,650,$hearty,150,2,950
0.1,GetHeartPos,heartx,hearty
0,boneh,650,$hearty,150,2,950
1,SineBones,80,30,300,60,,
10,CombatZoneResize,300,0,666,371,,,,
0,combatzonespeed,300,
0.4,SansSlam,3
0.5,GasterBlaster,2,0,0,335,221,90,999999,0.4
1,blackscreen,1
0,blackscreen,0
0,CombatZoneResizeinstant,241,226,406,391,,,,
0,HeartTeleport,320,304,,,,,,
0.4,SansSlam,0
0,HeartMaxFallSpeed,750
0,GasterBlaster,5,320,304,60,104,180,5,0.5
0,GasterBlaster,5,320,304,60,124,180,5,0.5
0,GasterBlaster,5,320,304,60,144,180,5,0.5
0,GasterBlaster,5,320,304,60,164,180,5,0.5
0,GasterBlaster,5,320,304,60,184,180,5,0.5
0,GasterBlaster,5,320,304,60,204,180,5,0.5
0,GasterBlaster,5,320,304,60,224,180,5,0.5
0,GasterBlaster,5,320,304,60,244,180,5,0.5
0,GasterBlaster,5,320,304,40,134,180,5,0.5
0,GasterBlaster,5,320,304,20,134,180,5,0.5
0,GasterBlaster,5,320,304,80,134,180,5,0.5
0,GasterBlaster,5,320,304,100,134,180,5,0.5
0,GasterBlaster,5,320,304,180,104,180,5,0.5
0,GasterBlaster,5,320,304,200,104,180,5,0.5
0,GasterBlaster,5,320,304,220,104,180,5,0.5
0,GasterBlaster,5,320,304,240,104,180,5,0.5
0,GasterBlaster,5,320,304,240,124,180,5,0.5
0,GasterBlaster,5,320,304,200,144,180,5,0.5
0,GasterBlaster,5,320,304,180,164,180,5,0.5
0,GasterBlaster,5,320,304,180,164,180,5,0.5
0,GasterBlaster,5,320,304,200,164,180,5,0.5
0,GasterBlaster,5,320,304,220,164,180,5,0.5
0,GasterBlaster,5,320,304,240,164,180,5,0.5
0,GasterBlaster,5,320,304,260,164,180,5,0.5
0,GasterBlaster,5,320,304,280,164,180,5,0.5
0,GasterBlaster,5,320,304,280,184,180,5,0.5
0,GasterBlaster,5,320,304,280,204,180,5,0.5
0,GasterBlaster,5,320,304,280,224,180,5,0.5
0,GasterBlaster,5,320,304,280,244,180,5,0.5
0,GasterBlaster,5,320,304,280,264,180,5,0.5
0,GasterBlaster,5,320,304,280,284,180,5,0.5
0,GasterBlaster,10,320,304,230,164,90,5,0.5
0,GasterBlaster,10,320,304,230,194,90,5,0.5
0,GasterBlaster,10,320,304,230,214,90,5,0.5
0,GasterBlaster,10,320,304,190,164,90,5,0.5
0,GasterBlaster,10,320,304,190,194,90,5,0.5
0,GasterBlaster,10,320,304,190,214,90,5,0.5
0,GasterBlaster,5,320,304,350,104,180,5,0.5
0,GasterBlaster,5,320,304,370,124,180,5,0.5
0,GasterBlaster,5,320,304,350,234,180,5,0.5
0,GasterBlaster,5,320,304,370,234,180,5,0.5
0,GasterBlaster,5,320,304,390,314,180,5,0.5
0,GasterBlaster,5,320,304,370,334,180,5,0.5
0,GasterBlaster,5,320,304,490,124,180,5,0.5
0,GasterBlaster,5,320,304,470,144,180,5,0.5
0,GasterBlaster,5,320,304,450,164,180,5,0.5
0,GasterBlaster,5,320,304,430,184,180,5,0.5
0,GasterBlaster,5,320,304,530,144,180,5,0.5
0,GasterBlaster,5,320,304,580,144,180,5,0.5
0,GasterBlaster,5,320,304,600,144,180,5,0.5
0,GasterBlaster,5,320,304,620,144,180,5,0.5
0,GasterBlaster,5,320,304,660,144,180,5,0.5
0,GasterBlaster,5,320,304,570,164,180,5,0.5
0,GasterBlaster,5,320,304,570,124,180,5,0.5
0,GasterBlaster,5,320,304,570,184,180,5,0.5
0,GasterBlaster,5,320,304,570,204,180,5,0.5
0,GasterBlaster,0,320,304,580,234,180,5,0.5
0,GasterBlaster,0,320,304,540,234,180,5,0.5
0,GasterBlaster,0,320,304,600,234,180,5,0.5
0,GasterBlaster,0,320,304,520,234,180,5,0.5
0,GasterBlaster,2,320,304,580,344,80,5,0.5
0,GasterBlaster,2,320,304,580,344,170,5,0.5
0,GasterBlaster,2,320,304,580,344,260,5,0.5
0,GasterBlaster,2,320,304,580,344,350,5,0.5
0,GasterBlaster,2,320,304,580,344,10,5,0.5
0,GasterBlaster,2,320,304,580,344,150,5,0.5
0,GasterBlaster,2,320,304,580,344,200,5,0.5
0,GasterBlaster,2,320,304,580,344,370,5,0.5
1,CombatZoneResizeinstant,141,226,526,381,,,
0,HeartTeleport,320,304,,,,,,
0.5,blackscreen,1
0,HeartMode,1,
0.5,blackscreen,0
0.1,BoneV,156,320,1100,0,300,0
0,BoneV,141,320,1100,0,300,0
0,BoneV,126,320,1100,0,300,0
0,BoneV,115,320,1100,0,300,0
0,BoneV,100,1,1100,0,300,0
0,BoneV,581,320,1100,2,300,0
0,BoneV,595,320,1100,2,300,0
0,BoneV,610,320,1100,2,300,0
0,BoneV,625,320,1100,2,300,0
0,BoneV,640,1,1100,2,300,0
1,blackscreen,1
0,HeartMode,1,
0.5,blackscreen,0
0.1,BoneV,156,300,1100,0,300,1
0,BoneV,141,300,1100,0,300,1
0,BoneV,126,300,1100,0,300,1
0,BoneV,115,300,1100,0,300,1
0,BoneV,100,1,1100,0,300,1
0,BoneV,581,300,1100,2,300,1
0,BoneV,595,300,1100,2,300,1
0,BoneV,610,300,1100,2,300,1
0,BoneV,625,300,1100,2,300,1
0,BoneV,640,1,1100,2,300,1
1,HeartTeleport,320,364,,,,,,
0,blackscreen,1
0,HeartMode,1,
0.5,blackscreen,0
0,GetHeartPos,HeartX,HeartY,,,,,,
0,GasterBlaster,1,0,0,$HeartX,189,90,0.3,0
0,GetHeartPos,HeartX,HeartY,,,,,,
0,GasterBlaster,1,0,240,139,$HeartY,0,0.3,0
0,Platform,320,304,40,,,,
0,BoneVRepeat,340,526,30,3,150,7,40,
2,CombatZoneResize,-10,226,666,361,,,,
0,combatzonespeed,300,
0,SansBody,HandUp,,,
0,BoneStab,1,20,0.5,1
1,GasterBlaster,1,0,0,320,204,90,0.5,0.5 0.5,SansBody,HandDown,,,,
1,CombatZoneResize,141,226,526,381,,,,
0,combatzonespeed,300,
1.5,BoneStab,0,20,0.5,0.0001
1.2,BoneStab,2,300,0.5,1
1.5,SansText,HUFF...PUFF....,,
0,SansText,PAP...I WONT GIVE UP.,,,
0,SansText,EVEN IF I HAVE TO PUTMY             LIFE AT RISK.,,
0,SansText,ILL MAKE THE HUMAN PAY              FOR WHAT THEY DID.,,,
0,SansHead,Closedeyes,,,
1,SansText,I....,,
0,SansText,I CANTDO IT.,,,
0,SansText,SO THATS WHAT IT IS..,,,,
0,SansText,THE FIRST THING IVE GOTTEN      DEFEATED AT.,,,
0,SansText,IS KILLING.,,
0,SansText,ON WONDER WHY PAP SAID IT         WOULD BE STUPID.,,,
0,SansText,OH PAP YOUVE ALWAYS BEEN             SO SMART.,,,
0,SansText,YOU LAZYBONES....,
0,SansText,I WISH YOU WERE HERE.,,
0,SansText,IM NOT AN IDIOT I KNOW             THAT ISNT POSSIBLE.,,,
0,SansText,ITS NOT LIKE IT MATTERS.              ITS TOO LATE NOW ISNT IT?.,,
0,SansText,LVE ALREADY GIVEN UP.,,,
0,SansText,IM SORRY PAP.,,
0,SansText,NO...,,,
0,SansText,UNDYNE ONCE TOLD ME THAT          HUMANS ARE DETERMINED.,,,
0,SansHead,LookLeft,,
0,SansText,HOW CUTE..,,,
0,SansHead,Default,,,
0,SansText,HOWEVER....,,
0,SansHead,Wink,,,
0,SansText,L THE GREAT PAPYRUS DO              NOT REQUIRE THAT.,,
0,SansHead,Default,,,
0,SansText,IN FACT I AM SO GREAT I            DONT NEED ANYTHIHG.,,,
0,SansText,NYEH HEH HEH!.,,
0,SansText,I THOUGHT I HAD LOST MYSELF        BACK THEN.,,,
0,SansText,BUT NO.,,,
0,SansText,I AM AND ALWAYS WILL BE.,,,
0,SansText,THE GREAT SANS!.,,
0,SansHead,BlueEye,,
0,SansBody,HandRight,,
0,blackscreen,1
0,Sound,Flash,,
0.5,CombatZoneResize,181,226,466,381,,,,
0,SansAnimation,Idle,,,,,,,
0,HeartTeleport,320,304,,,,,,
0,HeartMode,1,
0,Sound,Ding,,
0,SansBody,HandUp,,,
0,SansText,KR.,,
0,SansText,K/R.,,
0,SansBody,HandDown,,,
0,damageplayer,0,
0,SansText,sans:huh?on i don.,,,
0,SansText,PAP:IT WAS TALKING ABOUT ME!!!.,,,
0,SansText,PAP:I WANT A FAIR FIGHT!.,,,
0,damageplayer,-99
0,SansBody,HandRight,,
0,SansText,sans:how is that fair?.,,
0,SansText,PAP:LETS JUST SAY....,
0,SansText,PAP:IVE GROWN A LOT OF BACKBONE.,,,
0,damageplayer,0,
0.3,BoneV,466,356,200,2,100,0
1,BoneV,466,321,200,2,100,0
1,BoneV,466,309,200,2,100,0
1,SansText,sans:oops my turn.,,,
1,CombatZoneResize,241,226,406,391,,,,
0,combatzonespeed,300,
0.5,SansBody,HandRight,,,
0,SansSlam,0,
0,BoneStab,0,30,0.5,0.4,
1,GetHeartPos,HeartX,HeartY,,,,,,
0,GasterBlaster,1,0,240,139,$HeartY,0,0.3,0.3
0,SansText,PAP:NYES BACK TO ME!.,,,
0.4,SansText,sans:c mon bro just a minute         without interruptions?..,,,
0,GetHeartPos,HeartX,HeartY,,,,,,
0,GasterBlaster,1,0,240,139,$HeartY,0,0.3,0.3
0.8,SansBody,HandLeft,,,
0,SansSlam,2,
0,BoneStab,2,30,0.5,0.4,
0.4,SansText,sans:i need to talk to them         about what they did.,,,
0,SansBody,HandUp,,
0,SansSlam,3,
0.4,SansText,sans:because if i don t...           they might....,,, 
0,SansText,sans:....,
0,SansText,PAP:REALLY?!?!.,,,
0,SansText,PAP:YOU ALWAYS DO THIS....,,,
0,SansText,PAP:ALAS THE PATHETIC SOLUTION....,,,
0,SansText,PAP:KETCHUP!!!.,,,
0.01,Sound,sansspeak,,,
0.01,Sound,sansspeak,,,
0.01,Sound,sansspeak,,,
0.01,Sound,sansspeak,,,
0.01,Sound,sansspeak,,,
0.01,Sound,sansspeak,,,
0.01,Sound,sansspeak,,,
0.01,Sound,sansspeak,,,
0.01,Sound,sansspeak,,,
0.01,Sound,sansspeak,,,
0,SansText,PAP:I WAS HOPING MY PLAN               WOULD FAIL.,,,
0,SansText,sans:heh guess you could.,,
0,SansText,PAP:SANS TAKE YOUR ARM DOWN.,,,
0,SansText,sans:is it an arm-ergency?.,,,
0,SansText,PAP:SANS.,,,
0,SansText,sans:im just joking bro.,,
0,SansText,PAP:PLEASE DON T SCARE                ME LIKE THAT.,,,
0,SansText,PAP:YOU LOOKED LIKE YOU               WANTED TO HEAR A PUN.,,,
0,SansText,PAP:OR WANTED TO TRY                  MAKING ONE TOURSELF.,,,
0,SansText,PAP:I WOULD PREFER TO                 AVOID ALL IN THAT SUBJECT.,,,
0,SansText,PAP:TRY ASKING SANS HES                GOT PLENTY OF PUN ADVICE.,,,
0,SansText,PAP:WELL DISCUSS THE REST LATER.,,,
0,SansText,sans:look if you re hoping            for a fight with me....,
0,SansText,sans:eheheheheh...then it s           your lucky day.,,,
0,SansText,sans:i honestly just                  hope you realise that you                         deserve all of this.,,
0,CombatZoneResize,181,226,466,381,,,,
0,SansAnimation,Idle,,,,,,,
0.4,SineBones,1,-1,180,40,
0,SineBones,1,1,180,40,
0,SansBody,HandDown,,
0,SansSlam,1,
1,HeartMode,0,
0.1,GasterBlaster,1,0,0,201,106,90,0.1,0.5
0.1,GasterBlaster,1,0,0,221,106,90,0.1,0.5
0.1,GasterBlaster,1,0,0,241,106,90,0.1,0.5
0.1,GasterBlaster,1,0,0,261,106,90,0.1,0.5
0.1,GasterBlaster,1,0,0,281,106,90,0.1,0.5
0.1,GasterBlaster,1,0,0,301,106,90,0.1,0.5
0.1,GasterBlaster,1,0,0,321,106,90,0.1,0.5
0.1,GasterBlaster,1,0,0,341,106,90,0.1,0.5
0.1,GasterBlaster,1,0,0,361,106,90,0.1,0.5
1,GasterBlaster,1,0,0,501,106,90,0.2,0.5
0.1,GasterBlaster,1,0,0,481,106,90,0.1,0.5
0.1,GasterBlaster,1,0,0,461,106,90,0.1,0.5
0.1,GasterBlaster,1,0,0,441,106,90,0.1,0.5
0.1,GasterBlaster,1,0,0,421,106,90,0.1,0.5
0.1,GasterBlaster,1,0,0,401,106,90,0.1,0.5
0.1,GasterBlaster,1,0,0,381,106,90,0.1,0.5
0.1,GasterBlaster,1,0,0,361,106,90,0.1,0.5
0.1,GasterBlaster,1,0,0,341,106,90,0.1,0.5
0.1,GasterBlaster,1,0,0,321,106,90,0.1,0.5
0.1,GasterBlaster,1,0,0,301,106,90,0.1,0.5
0.1,GasterBlaster,1,0,0,281,106,90,0.1,0.5
0.1,GasterBlaster,1,0,0,261,106,90,0.1,0.5
0.1,GasterBlaster,1,0,0,241,106,90,0.1,0.5
1,GasterBlaster,1,0,0,500,256,180,0.2,0.5
0,CombatZoneResize,241,226,406,391,,,,
0,combatzonespeed,50,
0,GasterBlaster,1,0,0,500,356,180,0.2,0.5
0.5,GasterBlaster,1,0,0,500,300,180,0.5,0.5
1,GasterBlaster,1,0,0,500,256,180,0.2,0.5
0,GasterBlaster,1,0,0,500,356,180,0.2,0.5
0.5,GasterBlaster,1,0,0,500,300,180,0.5,0.5
1,GasterBlaster,1,0,0,500,256,180,0.2,0.5
0,GasterBlaster,1,0,0,500,356,180,0.2,0.5
0.5,GasterBlaster,1,0,0,500,300,180,0.5,0.5
1,GasterBlaster,1,0,0,500,256,180,0.2,0.5
0,GasterBlaster,1,0,0,500,356,180,0.2,0.5
1,GasterBlaster,1,0,0,500,300,180,0.5,0.5
1,GasterBlaster,5,261,0,261,190,90,0.3,0.2
0,GasterBlaster,5,306,0,306,190,90,0.3,0.2
0,GasterBlaster,5,351,0,351,190,90,0.3,0.2
0,GasterBlaster,5,396,0,396,190,90,0.3,0.2
0,GasterBlaster,5,400,0,400,240,180,0.3,0.2
0,GasterBlaster,5,400,0,400,285,180,0.3,0.2
0,GasterBlaster,5,400,0,400,330,180,0.3,0.2
0,GasterBlaster,5,400,0,400,375,180,0.3,0.2
3,GasterBlaster,1,551,308.5,451,308.5,180,0.1,0.2
0,GasterBlaster,1,323.5,76,323.5,176,90,0.1,0.2
0.5,SansBody,HandLeft,,,,,,,
0,SansSlam,2,,,,,,,
0.1,GasterBlaster,1,66,246,166,246,0,0.1,0.2
0,GasterBlaster,1,261,46,261,146,90,0.1,0.2
0,GasterBlaster,1,586,371,486,371,180,0.1,0.2
0,GasterBlaster,1,386,371,386,471,270,0.1,0.2
0.8,HeartMode,0,,,,,,,
0.05,GasterBlaster,1,261,46,261,146,90,0.1,0.2
0,GasterBlaster,1,321,46,321,146,90,0.1,0.2
0.5,GasterBlaster,1,551,76,451,176,135,0.1,0.2
0,GasterBlaster,1,91,76,191,76,45,0.1,0.2
0,GasterBlaster,1,91,536,191,436,315,0.1,0.2
0,GasterBlaster,1,551,536,451,436,225,0.1,0.2
0.1,GasterBlaster,1,551,76,451,176,135,0.1,0.2
0,GasterBlaster,1,91,76,191,76,45,0.1,0.2
0,GasterBlaster,1,91,536,191,436,315,0.1,0.2
0,GasterBlaster,1,551,536,451,436,225,0.1,0.2
0.1,GasterBlaster,1,551,76,451,176,135,0.1,0.2
0,GasterBlaster,1,91,76,191,76,45,0.1,0.2
0,GasterBlaster,1,91,536,191,436,315,0.1,0.2
0,GasterBlaster,1,551,536,451,436,225,0.1,0.2
0.1,GasterBlaster,1,551,76,451,176,135,0.1,0.2
0,GasterBlaster,1,91,76,191,76,45,0.1,0.2
0,GasterBlaster,1,91,536,191,436,315,0.1,0.2
0,GasterBlaster,1,551,536,451,436,225,0.1,0.2
0.565,GasterBlaster,1,66,246,166,246,0,0.1,1
0,GasterBlaster,1,586,371,486,371,180,0.1,1.75
0.6455,SansSlam,2,,,,,,,
0,SansBody,HandLeft,,,,,,,
0.05,BoneStab,2,47,0.45,2.15,,,,
0.6,SansSlam,0,,,,,,,
0,SansBody,HandRight,,,,,,,
0.05,BoneStab,0,47,0.45,1.5,,,,
0.6,SansSlam,3,,,,,,,
0,SansBody,HandUp,,,,,,,
0.05,BoneStab,3,47,0.45,0.85,,,,
0.6,SansSlam,1,,,,,,,
0,SansBody,HandDown,,,,,,,
0.05,BoneStab,1,47,0.45,0.2,,,,
0.6,HeartMode,0,,,,,,,
0.6,CombatZoneResize,341,326,406,391,,,,
0,combatzonespeed,300,
0.1,GetHeartPos,HeartX,HeartY,,,,,,
0,GasterBlaster,2,0,240,139,$HeartY,0,9999,0.3
0,GetHeartPos,HeartX,HeartY,,,,,,
0,GasterBlaster,2,0,0,$HeartX,189,90,99999,0
0.1,GetHeartPos,HeartX,HeartY,,,,,,
0,GasterBlaster,2,0,240,139,$HeartY,0,9999,0.3
0,GetHeartPos,HeartX,HeartY,,,,,,
0,GasterBlaster,2,0,0,$HeartX,189,90,99999,0
0.1,GetHeartPos,HeartX,HeartY,,,,,,
0,GasterBlaster,2,0,240,139,$HeartY,0,9999,0.3
0,GetHeartPos,HeartX,HeartY,,,,,,
0,GasterBlaster,2,0,0,$HeartX,189,90,99999,0
0,SansText,PAP:HEH HEH HEH!.,,
0,SansText,sans:uh nyeh.,,
1,blackscreen,1
0,Sound,Flash,,
0,CombatZoneResize,-10,226,650,381,,,,
0,combatzonespeed,1000,
1,blackscreen,0
0,Sound,Flash,,
0,BoneStab,2,50,0.0001,920,
0,BoneStab,0,50,0.0001,920,
0,SansText,PAP:BEHOLD!!!MY SPECIAL ATTACR.,,,
0,SansText,sans:well it was my idea...,,,
0,SansText,PAP:DETAILS ARE BORING.,,,
0,Sound,Ding,,
0,SansSlam,2,
0,HeartMaxFallSpeed,150
0,SineBones,1,-1,380,40,
2,Sound,Ding,,
0,SansSlam,0,
0,SineBones,1,10,280,60,
2,Sound,Ding,,
0,SansSlam,2,
0,SineBones,1,10,280,40,
2,Sound,Ding,,
0,SansSlam,0,
0,HeartMaxFallSpeed,50
0,SineBones,1,-10,280,40,
2,Sound,Ding,,
0,HeartMaxFallSpeed,750
0,SansSlam,2,
0,SineBones,1,10,280,70,
0.5,Sound,Ding,,
0,HeartTeleport,320,304,,,,,,
0,HeartMode,0,
0,Sound,Ding,,
0,SansText,PAP:WAIT...THIS IS BARELY             EVEN AFIGHT.,,
0,SansText,PAP:YOU JUST WANTED                   TO PLAY PONG.,,,
2,Sound,Ding,,
0,SansSlam,2,
0,HeartMaxFallSpeed,50
0,SineBones,40,-10,280,40,
2,Sound,Ding,,
0,SansSlam,0,
0,HeartMaxFallSpeed,50
0,SineBones,40,10,280,40,
2,Sound,Ding,,
0,SansSlam,0,
0,HeartMaxFallSpeed,50
0,SineBones,20,-10,280,40,
1,SineBones,10,-10,280,40,
1,Sound,Ding,,
0,SansSlam,0,
0,HeartMaxFallSpeed,50
0,SineBones,1,10,280,40,
1,Sound,Ding,,
0,SansSlam,1,
0,HeartMaxFallSpeed,750
0,SineBones,1,10,180,40,
0.5,SineBones,1,10,180,40,
0.5,SineBones,1,10,180,40,
1,SansText,PAP:I CONSIDER THIS TO                 BE EXTREMELY UNFAIR..,,,,
0,SansText,PAP:STOP CHEATING                       THIS INSTANT.,,,
0,SansText,sans:chill your spine bre.,,,
0,SansText,PAP:I REALLY EXPECTED YOU TO            TAKF THIS SERIOUSLY.,,,
0,SansText,sans:im totaiiy serious now.,,,
0,SansText,PAP:GAME OVER SANS!.,,
0,SansText,sans:ok!.,,,
0,SansText,PAP:WE NEED TO FIGHT                   THE HUMAN RIGHT?.,,,
0,SansText,sans:we do?.,,,
0,SansText,sans:well as long as                   its your own decision.,,,
0,SansText,PAP:OH PLEASE WHERE                     S YOUR ENTHUSIASM?.,,,
0,SansText,PAP:Undyne WOULD HAVE                  KILLED THE HUMAN BY NOW.,,
0,SansText,PAP:HEY ACTUALLY LET ME                GIVE THIS A SHOT.,,,
0.5,blackscreen,1
0,Sound,Flash,,
1,blackscreen,0
0,Sound,Flash,,
0,CombatZoneResize,241,226,406,391,,,,
0,combatzonespeed,300,
0,SansText,Undyne:It s been awhile punk!.,,
0,SansText,Undyne:Let s see what you             got this time.,,,
0,HeartMode,0,
0,SansText,Undyne:Actually it would               prodadly be better to                             let you have your rurn first..,,
0,SansText,Undyne:Pathetic..,,,
0,SansText,Undyne:Well my turn!.,,,
0,GetHeartPos,heartx,hearty
0,bonev,$heartx,0,32,1,950
0.5,GetHeartPos,heartx,hearty
0,boneh,650,$hearty,32,2,950
0.2,GetHeartPos,heartx,hearty
0,bonev,$heartx,650,32,3,950
0.2,GetHeartPos,heartx,hearty
0,bonev,$heartx,650,32,3,950
0.2,GetHeartPos,heartx,hearty
0,bonev,$heartx,650,32,3,950
0.2,GetHeartPos,heartx,hearty
0,bonev,$heartx,650,32,3,950
0.5,GetHeartPos,heartx,hearty
0,boneh,650,$hearty,32,2,950
0.5,GetHeartPos,heartx,hearty
0,boneh,0,$hearty,32,0,950
0.2,GetHeartPos,heartx,hearty
0,boneh,650,$hearty,32,2,950
0.2,GetHeartPos,heartx,hearty
0,boneh,650,$hearty,32,2,950
0.2,GetHeartPos,heartx,hearty
0,boneh,650,$hearty,32,2,950
0.2,GetHeartPos,heartx,hearty
0,boneh,650,$hearty,32,2,950
0.5,GetHeartPos,heartx,hearty
0,bonev,$heartx,0,32,1,950
0,GetHeartPos,heartx,hearty
0,bonev,$heartx,650,32,3,950
0.5,GetHeartPos,heartx,hearty
0,boneh,0,$hearty,32,0,950
0,GetHeartPos,heartx,hearty
0,boneh,650,$hearty,32,2,950
0.5,GetHeartPos,heartx,hearty
0,bonev,$heartx,0,32,1,950
0.5,GetHeartPos,heartx,hearty
0,boneh,650,$hearty,32,2,950
0.2,GetHeartPos,heartx,hearty
0,bonev,$heartx,0,32,1,950
0.2,GetHeartPos,heartx,hearty
0,bonev,$heartx,0,32,1,950
0.2,GetHeartPos,heartx,hearty
0,bonev,$heartx,0,32,1,950
0.2,GetHeartPos,heartx,hearty
0,bonev,$heartx,0,32,1,950
1.5,GetHeartPos,heartx,hearty
0,bonev,$heartx,1,32,1,950
0.5,GetHeartPos,heartx,hearty
0,boneh,650,$hearty,32,2,950
0.5,GetHeartPos,HeartX,HeartY,,,,,,
0,GasterBlaster,1,0,240,139,$HeartY,0,0.5,1
0.5,GetHeartPos,heartx,hearty
0,boneh,650,$hearty,32,2,950
1.5,blackscreen,1
0,Sound,Flash,,
0,CombatZoneResize,181,226,506,391,,,,
0,combatzonespeed,300,
1,blackscreen,0
0,Sound,Flash,,
0,HeartMode,1,
1.2,SineBones,2,-1,150,40,
0,SineBones,2,1,150,40,
1.2,SineBones,2,-1,200,70,
0,SineBones,2,1,200,70,
1.2,SineBones,2,-1,200,70,
0,SineBones,2,1,200,70,
1.2,SineBones,2,-1,150,50,
0,SineBones,2,1,150,50,
1.2,SineBones,2,-1,150,50,
0,SineBones,2,1,150,50,
1.2,SineBones,2,-1,150,70,
0,SineBones,2,1,150,70,
1.2,SineBones,2,-1,150,40,
0,SineBones,2,1,150,40,
1.2,SineBones,2,-1,150,70,
0,SineBones,2,1,150,70,
1.9,CombatZoneResize,241,226,406,391,,,,
0,combatzonespeed,300,
0.5,SansBody,HandRight.,,
0,SansSlam,0
0.2,SansBody,HandDown.,,
0,SansSlam,1
0,BoneStab,1,30,0.5,0.4,
0.9,SansBody,HandLeft,,
0,SansSlam,2
0,BoneStab,2,30,0.5,0.4,
1,CombatZoneResize,241,366,406,391,,,,
0,combatzonespeed,300,
0.2,SansBody,HandDown.,,
0,SansSlam,1
0.5,GetHeartPos,HeartX,HeartY,,,,,,
0,GasterBlaster,1,0,240,139,$HeartY,0,0.5,1
0,,SansBody,HandLeft,,
0,SansText,sans:i s  t h i s  w h a t             y o u  w a n t ?.,,,
0,SansText,sans:kid i ger the felling              you aren t planning on giving up.,,
0,SansText,sans:it s a shame really               sans would have loved to see a                     good ending.,,
0,SansText,sans:what? we both know                im not os alive as i have been.,,
0,SansText,sans:who knows what id be              doing if i was here for real.,,
0,SansText,sans:im sorry kid.,,
0,SansText,PAP:THEY ARENT REAL..,,,
0,SansText,PAP:I COULDNT STAND THE                 THOUGHT OF KILLING YOU.,,,
0,SansText,PAP:IVE BEEN DOING THIS                 FOR THEIR SAKE.,,,
0,SansText,BUT IS THIS EVEN WHAT               THEY WOULD HAVE WANTED?.,,,,
0,SansText,IM HAVING SECOND THOUGHTS.,,,
0,SansText,I....,,,
0,SansText,A BIG PART OF ME IS                 STUPID ENOUGH TO STILL BELEVE.,,,
0,SansText,THIS IS THE MOMENT PAP WOULD HAVE KILLED YOU.,,
0,SansText,BUT I DON T THINK HE                  WANTS ME TO BE LIKE HIM....,,,
0,SansText,BECAUSF THE TRUTH IS IM NOT.,,
0,SansText,EVEN AFTER ALL YOU DID I              STILL CANT KILL YOU.,,
0,SansText,NO ONF DESERVES TO DIE LIKE             THIS NOT EVEN YOU.,,,
0,SansText,PLEASE FORGIVE ME.,,,
0,SansText,BUT I CAN T LOOK PAST                  OUR LOST FRIENDSHIP.,,,
0,SansText,MY DISBELIEF WAS FAKED.,,,
0,SansHead,Closedeyes,,,